temperature,humidity,wind_speed,vegetation_type,elevation,label
31.6,34.6,12.8,bamboo,340,0
30.7,71.2,6.7,mixed,109,1
41.9,59.4,7.2,coniferous,186,0
44.7,10.6,23.6,grassland,261,1
38.7,28.1,4.2,bamboo,107,0
43.2,77.8,15.6,deciduous,259,0
44.5,19.4,23.1,bamboo,219,1
28.2,70.3,6.3,mixed,306,0
30.0,67.4,15.6,grassland,294,0
38.3,50.1,23.1,bamboo,340,0
34.3,58.9,13.6,grassland,120,0
33.5,39.8,19.9,grassland,327,0
29.6,74.0,11.3,mixed,398,0
20.8,41.8,15.4,mixed,136,0
24.8,73.2,10.0,mixed,166,0
24.2,18.4,6.3,mixed,318,1
41.5,52.9,1.9,grassland,386,0
43.8,28.1,3.0,mixed,206,1
41.0,79.6,10.1,deciduous,385,1
35.7,56.0,18.8,mixed,115,0
25.4,71.2,24.2,coniferous,162,0
32.4,58.0,9.8,grassland,370,0
38.5,77.8,9.5,coniferous,393,0
33.3,69.0,2.6,mixed,130,1
33.6,66.2,4.8,grassland,349,1
35.2,49.4,18.9,bamboo,391,0
40.0,52.2,11.5,bamboo,306,1
33.4,15.4,24.4,coniferous,299,0
40.0,57.9,15.4,bamboo,242,1
28.6,38.3,19.7,bamboo,143,0
32.6,65.8,11.9,deciduous,168,0
31.7,10.8,21.4,coniferous,131,0
32.7,60.9,19.4,deciduous,120,0
22.6,42.1,2.0,grassland,253,0
27.1,77.3,10.1,mixed,278,1
37.7,44.7,11.2,bamboo,389,0
40.2,29.7,18.7,deciduous,294,1
36.5,12.1,2.2,mixed,245,0
35.5,38.4,20.9,bamboo,283,0
36.0,71.8,2.2,grassland,390,0
25.0,26.2,3.3,mixed,357,0
26.2,55.0,11.1,bamboo,349,0
36.5,45.0,1.4,mixed,343,0
20.4,20.2,5.1,bamboo,118,0
21.7,59.4,23.2,grassland,139,0
44.8,29.7,2.2,grassland,290,0
32.8,25.7,18.4,bamboo,392,0
44.2,10.3,18.0,coniferous,190,1
22.5,77.5,22.0,deciduous,254,0
38.9,28.6,19.1,mixed,352,1
31.6,56.0,8.5,mixed,397,1
27.0,50.6,8.2,grassland,295,0
39.4,27.0,19.0,bamboo,133,1
39.9,24.0,15.9,grassland,128,1
30.3,60.4,2.8,coniferous,125,0
31.8,75.5,16.8,deciduous,369,0
25.5,49.5,10.5,coniferous,106,0
39.5,68.5,14.6,mixed,351,0
29.5,24.2,17.5,deciduous,375,0
21.9,60.6,21.8,coniferous,268,0
34.1,16.8,18.5,mixed,260,0
25.4,65.3,13.3,coniferous,260,0
38.0,18.4,21.9,bamboo,394,1
33.3,52.1,4.2,grassland,327,0
34.2,37.7,7.5,grassland,159,0
26.1,39.1,19.7,mixed,166,0
41.2,44.2,12.9,coniferous,221,0
20.4,13.0,22.1,coniferous,262,0
29.0,35.3,24.1,mixed,399,0
44.5,18.3,24.7,coniferous,190,1
28.3,45.5,7.9,grassland,191,1
29.4,15.4,1.8,grassland,257,1
24.7,20.2,11.2,deciduous,369,0
32.9,32.4,7.4,coniferous,184,1
37.6,75.0,20.9,mixed,158,0
30.1,24.7,6.8,bamboo,153,0
22.9,32.7,20.4,coniferous,359,0
39.5,38.2,8.8,bamboo,169,0
27.9,63.1,19.4,deciduous,377,1
23.3,60.0,5.6,deciduous,321,0
44.6,49.9,20.4,bamboo,297,0
25.6,44.5,17.2,deciduous,325,0
23.4,71.7,17.7,deciduous,356,0
25.0,65.6,20.7,deciduous,316,0
32.6,15.6,15.0,deciduous,356,0
30.2,32.5,22.8,grassland,210,0
25.6,50.5,18.6,grassland,163,0
38.8,17.4,2.9,mixed,242,0
31.1,32.9,9.2,mixed,357,0
43.2,16.8,15.9,bamboo,278,1
33.0,34.5,3.9,bamboo,188,1
25.3,48.8,13.5,deciduous,235,0
20.7,57.6,23.1,grassland,148,0
36.9,61.5,14.6,mixed,127,0
42.3,16.7,18.4,deciduous,369,1
35.5,23.8,2.8,bamboo,218,0
20.5,38.5,2.5,coniferous,354,0
31.0,70.0,6.1,deciduous,253,1
25.8,19.4,24.8,grassland,358,0
20.8,53.6,13.3,bamboo,308,1
29.8,16.7,23.0,mixed,148,0
23.1,72.6,2.4,grassland,343,0
28.2,67.1,13.1,grassland,260,0
38.4,21.3,6.1,coniferous,391,0
36.4,71.0,5.1,mixed,347,1
36.5,49.4,13.0,coniferous,313,0
40.4,54.5,7.0,deciduous,359,0
43.7,40.4,13.9,deciduous,371,0
21.6,62.7,16.0,bamboo,225,0
30.2,66.9,19.4,grassland,386,0
37.3,71.8,6.6,mixed,284,1
41.2,36.7,24.7,bamboo,142,0
42.6,24.7,13.5,mixed,400,1
25.1,19.7,14.8,coniferous,270,0
23.3,10.2,7.0,grassland,396,0
38.0,75.4,23.0,coniferous,141,0
35.6,50.8,4.2,coniferous,306,0
36.9,29.3,15.8,deciduous,141,1
37.5,61.6,23.3,grassland,118,1
44.3,22.5,16.6,grassland,297,1
26.8,41.6,6.1,grassland,222,1
41.7,32.0,6.1,bamboo,377,0
35.7,53.3,20.9,deciduous,398,0
38.7,47.5,15.5,coniferous,156,1
20.5,76.3,15.7,mixed,117,0
29.5,57.3,9.0,coniferous,304,0
40.1,36.8,9.2,grassland,167,0
34.0,32.0,15.6,grassland,383,1
36.6,49.9,24.9,coniferous,171,0
28.0,72.7,19.5,coniferous,163,0
43.3,13.8,22.3,bamboo,328,1
22.2,60.4,2.1,grassland,132,0
24.0,58.9,15.8,mixed,102,1
27.8,36.8,8.3,coniferous,358,0
43.7,22.7,11.1,mixed,389,1
38.1,69.7,24.0,mixed,282,0
22.3,47.6,18.5,coniferous,340,0
32.8,43.6,15.4,deciduous,102,0
33.4,15.3,11.6,mixed,183,0
38.2,66.2,5.4,mixed,261,0
20.7,56.5,13.5,bamboo,209,0
25.4,27.2,9.0,mixed,386,1
27.0,37.3,7.9,coniferous,129,0
42.1,32.4,13.8,grassland,338,1
20.8,72.4,9.2,bamboo,332,0
22.5,69.9,14.6,grassland,342,0
32.6,66.9,15.8,grassland,317,0
43.4,78.4,18.9,bamboo,206,0
23.1,66.2,21.6,bamboo,200,0
38.0,17.3,16.2,bamboo,319,1
35.8,37.6,2.5,bamboo,327,0
30.5,63.8,15.6,deciduous,165,0
38.5,74.8,10.0,coniferous,123,0
28.2,20.1,18.7,coniferous,352,0
42.5,63.4,7.8,mixed,253,1
43.7,53.5,22.7,coniferous,109,0
38.8,43.7,20.6,bamboo,361,1
35.0,50.7,19.2,mixed,400,0
25.7,27.8,11.1,deciduous,335,0
36.6,30.4,22.5,coniferous,224,0
20.5,41.8,8.9,deciduous,345,0
37.8,22.2,19.5,mixed,179,1
38.9,58.5,9.9,deciduous,114,1
30.4,41.8,18.6,coniferous,399,0
23.9,41.9,12.3,grassland,332,1
32.7,20.3,24.0,coniferous,209,0
25.0,75.2,11.4,coniferous,250,0
39.7,38.4,3.9,grassland,217,1
38.4,43.6,20.5,coniferous,133,0
33.4,33.4,18.2,grassland,110,0
35.8,55.9,6.1,mixed,344,0
30.4,21.9,24.5,grassland,220,0
44.9,31.6,16.5,deciduous,261,0
27.3,44.3,18.6,bamboo,376,1
35.8,77.0,9.7,deciduous,340,1
42.9,28.5,13.9,grassland,298,1
31.1,65.9,23.4,mixed,303,0
37.1,34.8,12.2,mixed,161,0
29.6,65.9,23.9,deciduous,109,0
37.0,38.0,12.7,grassland,161,0
24.2,69.7,3.6,mixed,184,0
20.1,46.5,1.5,deciduous,281,0
34.3,80.0,1.0,bamboo,158,0
32.8,66.2,25.0,deciduous,205,0
40.5,49.6,20.0,bamboo,307,0
22.0,43.3,15.6,coniferous,115,0
37.6,70.2,5.1,grassland,176,0
39.5,41.9,1.2,grassland,295,0
26.2,19.7,11.3,deciduous,302,1
40.1,21.4,1.8,deciduous,207,0
32.8,24.1,15.8,bamboo,168,0
29.7,24.2,16.8,coniferous,162,0
40.4,58.6,14.8,grassland,332,0
42.5,76.9,20.6,grassland,131,0
28.4,62.2,16.7,deciduous,155,1
28.8,25.2,16.7,bamboo,191,0
23.8,39.9,11.8,coniferous,323,0
30.8,66.0,2.2,mixed,205,0
44.3,64.7,14.2,deciduous,166,1
41.1,63.5,3.3,mixed,323,1
29.6,64.1,16.9,mixed,232,0
21.8,21.3,7.7,deciduous,261,1
30.5,47.4,2.3,grassland,133,0
31.5,54.6,21.2,bamboo,311,0
30.5,17.5,18.2,grassland,236,0
23.2,43.3,16.9,deciduous,395,0
38.0,46.4,13.9,coniferous,335,0
41.5,75.8,5.6,coniferous,316,1
40.8,43.0,18.5,coniferous,376,1
34.0,22.3,1.3,deciduous,282,0
41.9,69.0,1.3,coniferous,143,0
30.3,62.5,17.6,grassland,321,0
39.3,74.2,23.2,bamboo,153,0
26.8,58.2,18.7,bamboo,195,1
28.2,44.9,18.7,mixed,184,0
25.3,17.7,4.3,coniferous,143,0
41.2,61.3,7.0,deciduous,367,1
22.4,45.5,22.8,bamboo,169,0
32.6,63.7,8.6,coniferous,250,0
20.4,44.4,9.4,bamboo,233,1
35.4,72.7,6.0,bamboo,309,0
23.7,24.3,14.1,deciduous,356,1
31.9,69.4,17.1,deciduous,389,0
34.3,13.5,3.9,mixed,284,1
35.3,14.7,20.1,coniferous,359,1
33.2,78.7,22.3,mixed,271,0
36.4,63.9,23.8,mixed,189,0
27.5,48.6,19.5,bamboo,259,0
33.8,40.0,4.2,coniferous,361,0
33.5,21.8,10.6,bamboo,104,0
36.1,41.9,19.9,bamboo,191,1
37.1,26.7,4.2,bamboo,179,0
37.1,61.4,17.7,deciduous,140,0
39.9,44.1,21.2,mixed,112,0
40.9,52.8,9.0,grassland,368,0
28.6,16.8,20.5,grassland,369,0
24.8,49.2,12.2,coniferous,350,1
23.5,56.1,4.1,grassland,129,0
33.1,31.5,8.6,coniferous,178,0
26.1,21.1,20.2,bamboo,353,0
44.9,69.8,9.1,mixed,185,0
41.6,79.1,2.2,bamboo,186,0
25.9,60.4,13.3,bamboo,388,0
35.1,44.6,17.1,coniferous,376,0
35.6,71.1,9.0,deciduous,377,0
26.9,22.4,13.9,deciduous,325,0
44.1,58.5,18.8,bamboo,164,1
32.7,17.7,12.2,coniferous,313,1
38.0,51.6,2.8,grassland,255,0
22.5,10.9,5.4,deciduous,281,0
37.1,76.0,3.0,deciduous,194,1
33.0,76.9,20.3,coniferous,194,0
40.8,76.3,11.1,bamboo,380,0
37.4,66.7,13.6,coniferous,369,1
32.4,42.9,24.9,grassland,215,0
37.1,67.8,2.9,coniferous,337,0
38.2,47.4,8.0,mixed,355,1
27.2,30.1,16.4,mixed,242,0
25.6,45.4,23.3,coniferous,295,0
39.8,22.2,23.3,deciduous,344,1
41.6,41.5,3.4,grassland,208,0
30.8,42.4,20.0,coniferous,248,0
25.2,72.5,11.7,bamboo,146,1
37.2,48.9,2.5,mixed,381,0
21.2,38.1,4.7,grassland,347,0
35.8,40.0,12.3,deciduous,304,0
43.9,33.6,19.2,coniferous,145,0
35.8,24.6,17.7,bamboo,370,1
21.3,29.9,10.1,mixed,215,0
28.4,50.9,15.6,deciduous,203,0
38.3,55.6,4.4,deciduous,383,0
25.0,50.8,7.0,mixed,386,0
27.0,28.1,23.8,deciduous,292,1
41.7,57.7,4.2,mixed,390,1
35.8,50.5,23.1,grassland,188,0
41.2,37.7,4.7,mixed,208,0
27.3,74.8,13.1,grassland,171,0
34.4,49.2,10.4,mixed,310,0
30.0,26.8,7.5,bamboo,171,1
30.2,10.0,1.1,mixed,285,1
35.4,66.9,23.2,coniferous,340,1
38.5,58.6,19.6,mixed,163,1
44.5,64.2,15.7,coniferous,152,0
42.3,31.8,12.6,bamboo,200,0
33.6,72.8,7.6,grassland,290,0
24.9,39.8,1.9,coniferous,164,0
31.2,46.1,8.4,deciduous,143,0
34.4,53.4,23.5,coniferous,245,0
31.1,27.1,11.3,bamboo,343,0
44.2,50.0,19.6,coniferous,371,1
38.1,37.5,20.7,mixed,197,1
33.1,49.0,5.3,grassland,126,0
25.3,49.2,23.9,grassland,157,1
39.7,48.0,20.5,mixed,280,0
29.6,71.1,5.0,coniferous,323,0
38.7,11.4,24.4,bamboo,156,1
36.6,17.0,21.0,deciduous,280,1
34.8,41.4,7.3,bamboo,333,0
29.1,49.4,19.9,grassland,236,0
22.3,45.3,9.1,grassland,135,1
36.2,10.4,2.0,deciduous,210,0
28.1,14.1,23.3,deciduous,185,0
24.7,69.6,2.3,coniferous,238,1
33.9,61.2,11.1,mixed,333,0
32.1,35.9,23.2,deciduous,289,0
25.9,22.2,21.1,deciduous,347,0
33.6,36.6,4.8,grassland,353,1
24.4,30.1,6.0,mixed,318,0
41.2,21.7,8.7,bamboo,329,0
31.5,28.1,24.2,deciduous,203,0
40.3,26.9,18.9,bamboo,289,1
44.4,73.2,9.6,deciduous,252,0
30.1,20.3,18.2,bamboo,108,0
21.8,40.1,2.1,grassland,206,0
41.1,53.1,21.3,deciduous,304,0
29.4,40.4,9.1,bamboo,181,0
21.6,49.2,22.6,coniferous,226,0
26.4,79.3,19.5,coniferous,155,0
41.9,54.9,5.5,mixed,263,1
40.9,49.9,19.9,grassland,369,0
42.1,35.3,23.0,coniferous,326,0
44.9,18.8,13.7,deciduous,286,1
24.0,60.0,9.1,bamboo,389,1
24.6,30.4,18.2,mixed,130,1
26.2,22.5,7.2,deciduous,155,0
31.1,68.2,13.7,coniferous,303,0
27.5,38.2,16.3,coniferous,314,0
25.6,22.1,16.1,coniferous,158,0
32.8,77.5,9.1,coniferous,308,0
33.8,11.9,9.1,mixed,198,0
22.5,79.2,15.2,bamboo,176,0
37.8,58.1,11.3,bamboo,320,0
43.4,60.7,16.2,coniferous,391,0
36.3,19.0,12.5,bamboo,233,1
40.9,68.6,4.9,grassland,250,0
31.4,58.8,9.1,coniferous,325,0
35.8,19.6,17.0,coniferous,381,1
32.3,79.0,1.3,coniferous,146,0
33.5,46.5,23.3,deciduous,307,1
31.8,66.3,23.5,coniferous,200,0
28.3,22.4,12.8,deciduous,365,0
34.2,40.1,18.3,mixed,275,0
29.2,54.1,1.4,mixed,322,1
31.1,26.3,17.1,bamboo,364,1
23.4,11.2,9.2,mixed,100,0
36.2,61.1,13.6,bamboo,221,0
26.1,79.3,23.7,coniferous,208,0
28.8,49.7,8.7,mixed,223,1
38.9,71.9,16.1,mixed,178,0
36.0,23.2,21.2,bamboo,182,1
44.4,18.1,20.9,bamboo,361,1
37.0,70.1,1.2,coniferous,396,0
36.7,17.0,16.9,bamboo,311,1
41.0,57.5,9.9,bamboo,141,0
38.2,15.4,5.7,grassland,262,0
29.9,46.9,20.5,grassland,190,0
33.1,63.6,8.2,bamboo,312,0
30.2,73.1,5.4,grassland,118,0
44.0,62.6,15.0,deciduous,230,0
31.9,56.8,14.1,deciduous,186,0
39.7,12.1,4.7,grassland,183,0
38.7,76.5,12.1,bamboo,318,0
24.4,23.9,13.5,deciduous,260,0
42.6,58.0,10.8,mixed,393,0
31.9,49.6,1.4,deciduous,354,0
21.3,70.8,12.9,deciduous,217,0
44.0,28.7,14.5,bamboo,353,1
20.2,68.7,13.1,coniferous,122,0
31.8,39.9,23.4,mixed,224,0
39.0,70.3,9.3,deciduous,298,0
23.8,74.3,5.9,bamboo,276,0
25.7,13.6,20.5,coniferous,333,1
32.5,31.4,24.4,coniferous,248,0
29.4,34.4,16.8,grassland,252,1
27.8,28.1,20.3,coniferous,328,1
44.4,61.0,3.6,deciduous,113,0
27.4,43.0,24.9,deciduous,109,0
37.0,22.3,10.1,mixed,190,1
32.2,20.2,22.0,deciduous,213,0
41.1,41.6,13.7,grassland,285,0
26.4,20.4,16.8,deciduous,341,1
25.3,65.2,16.9,mixed,196,0
22.4,25.4,21.2,deciduous,278,0
28.3,11.0,6.8,coniferous,306,0
24.1,20.8,17.3,deciduous,162,0
22.1,31.9,20.9,deciduous,394,0
44.9,38.4,21.0,bamboo,297,0
20.8,14.2,13.3,coniferous,312,0
31.9,24.0,12.6,mixed,208,0
28.6,58.5,5.6,mixed,283,0
43.0,71.8,22.1,grassland,174,1
21.1,26.9,23.1,mixed,393,0
33.2,13.5,1.2,deciduous,279,1
28.5,73.8,13.6,deciduous,382,1
29.2,19.9,14.4,mixed,218,1
43.2,69.4,12.2,coniferous,275,0
32.5,31.0,17.0,grassland,213,0
33.1,50.1,8.7,coniferous,213,0
25.0,25.8,6.2,deciduous,229,0
33.8,49.9,1.1,coniferous,350,0
37.2,17.2,7.8,bamboo,154,0
37.2,73.5,16.9,deciduous,114,0
39.4,76.0,13.3,bamboo,319,0
22.7,20.0,4.2,coniferous,378,0
26.0,32.7,22.6,grassland,211,1
30.1,17.8,11.3,coniferous,181,0
32.4,68.9,12.8,coniferous,152,1
21.8,62.2,9.4,deciduous,202,0
40.3,10.1,4.4,deciduous,216,0
26.3,18.3,16.5,mixed,111,0
24.2,61.4,24.8,bamboo,210,0
22.6,60.0,4.3,mixed,213,0
28.9,49.4,15.3,mixed,252,0
35.4,50.4,17.1,coniferous,374,0
29.2,70.6,22.7,deciduous,384,0
35.5,19.9,5.4,deciduous,244,0
34.2,26.7,23.2,coniferous,250,0
31.0,15.0,19.9,deciduous,225,0
30.1,65.0,23.1,grassland,111,0
20.4,33.1,8.8,bamboo,105,0
32.0,24.7,4.4,mixed,321,0
31.8,34.0,18.2,deciduous,124,0
36.9,69.2,3.1,bamboo,208,1
20.2,65.7,3.3,bamboo,169,0
39.2,69.0,19.3,grassland,332,0
20.8,44.6,16.9,coniferous,273,0
32.9,64.2,20.9,grassland,197,1
30.4,33.2,11.4,coniferous,147,1
44.5,48.8,13.0,coniferous,180,0
35.8,69.2,10.5,grassland,113,0
29.4,20.4,21.0,deciduous,173,0
30.3,75.2,17.7,coniferous,309,0
30.3,62.5,21.3,bamboo,234,0
30.1,47.8,16.7,coniferous,235,1
38.6,47.2,15.1,coniferous,191,0
36.2,65.3,18.6,bamboo,141,0
38.7,51.0,12.8,bamboo,205,0
28.6,20.5,21.2,coniferous,167,0
23.7,18.2,22.8,mixed,230,1
31.0,15.6,18.0,mixed,124,0
44.1,70.2,11.6,grassland,146,0
20.2,24.0,6.5,mixed,167,0
37.7,15.7,6.6,bamboo,173,0
42.4,78.3,11.8,deciduous,282,0
41.2,25.7,15.4,grassland,234,1
20.6,26.5,6.9,grassland,179,0
41.2,10.3,4.7,deciduous,236,0
23.0,56.8,11.1,mixed,338,0
36.7,55.0,5.0,grassland,207,0
34.7,64.8,21.5,coniferous,130,0
44.8,72.3,11.6,grassland,279,0
37.4,38.8,14.8,grassland,205,0
39.0,11.7,3.8,bamboo,307,0
27.3,69.0,15.7,bamboo,375,0
30.8,74.3,4.7,bamboo,144,0
28.7,31.3,17.6,coniferous,162,0
40.7,15.4,6.1,deciduous,330,1
40.7,22.1,13.7,grassland,170,1
35.9,17.3,23.3,mixed,130,1
30.2,73.3,11.0,grassland,237,0
24.2,57.7,4.9,grassland,232,0
29.6,15.0,14.9,deciduous,318,0
31.4,76.1,22.7,mixed,274,1
35.7,33.6,12.4,deciduous,388,0
37.9,26.8,12.9,bamboo,212,1
27.2,59.7,13.9,deciduous,353,0
21.3,66.9,10.7,mixed,163,1
44.2,27.8,7.5,grassland,384,0
26.7,35.8,18.6,deciduous,314,0
35.4,51.2,9.6,mixed,132,0
27.9,47.7,11.1,grassland,268,0
44.8,46.9,22.9,grassland,148,0
34.4,39.2,1.4,mixed,275,0
22.9,58.6,8.1,bamboo,356,0
25.2,20.7,1.8,mixed,144,1
37.9,41.3,1.4,coniferous,108,1
41.1,52.8,22.3,bamboo,347,0
41.3,72.6,23.3,mixed,380,0
22.7,25.5,11.0,grassland,214,0
37.7,37.4,6.0,grassland,107,0
38.6,41.2,9.7,deciduous,253,0
33.7,16.7,21.0,coniferous,347,0
35.4,30.5,24.6,deciduous,377,0
39.8,21.7,17.6,mixed,205,1
37.6,44.2,6.8,bamboo,168,0
32.4,37.8,12.7,coniferous,373,0
37.5,16.0,17.9,coniferous,247,1
27.8,31.9,4.3,coniferous,364,0
30.9,41.1,23.8,coniferous,175,0
43.1,13.7,19.7,deciduous,206,1
39.8,77.8,7.4,mixed,199,0
43.0,51.7,17.2,bamboo,267,0
38.7,40.5,21.6,deciduous,370,0
39.6,15.5,14.2,deciduous,263,1
37.2,28.3,18.8,grassland,162,1
38.7,32.5,3.2,coniferous,377,0
26.6,62.7,14.9,bamboo,373,0
30.9,34.8,21.6,bamboo,363,0
34.1,68.7,23.2,bamboo,138,1
20.5,32.4,8.7,deciduous,179,0
22.0,19.8,1.8,coniferous,192,1
37.4,79.8,10.0,mixed,266,0
22.1,70.6,3.8,bamboo,122,0
38.5,79.1,19.5,deciduous,321,0
28.1,23.4,24.3,deciduous,209,0
37.5,14.1,14.2,bamboo,304,1
41.6,71.5,13.8,bamboo,362,0
34.9,67.6,24.9,coniferous,332,0
37.0,18.6,19.9,grassland,139,1
34.0,74.2,21.5,deciduous,210,0
26.0,18.5,13.6,coniferous,193,0
21.4,47.9,12.0,grassland,133,0
40.2,38.0,2.8,bamboo,287,1
34.2,63.5,7.0,bamboo,208,0
29.3,33.4,15.8,mixed,320,1
22.2,24.7,16.3,coniferous,348,0
25.8,76.1,9.8,grassland,128,0
38.6,30.1,15.1,bamboo,399,1
40.4,46.2,9.2,grassland,111,0
36.5,28.8,24.4,bamboo,134,1
25.3,20.3,15.5,mixed,134,0
37.0,12.7,1.3,bamboo,185,0
24.3,21.5,22.8,bamboo,239,0
28.5,34.4,18.4,bamboo,332,1
27.7,35.1,9.2,coniferous,161,0
30.3,55.9,9.2,coniferous,394,0
27.7,57.7,7.2,grassland,393,0
34.8,58.6,1.6,mixed,289,1
22.2,66.3,21.2,mixed,389,0
43.1,66.2,23.6,grassland,215,0
20.5,28.0,12.4,bamboo,315,1
28.3,10.4,9.5,deciduous,349,0
42.7,60.3,6.8,bamboo,245,0
29.1,40.2,18.6,deciduous,383,0
21.5,16.2,5.0,mixed,157,0
25.9,16.6,9.2,deciduous,205,1
26.8,46.9,4.1,mixed,323,0
23.3,60.7,12.7,deciduous,243,1
35.4,53.8,17.9,bamboo,354,1
27.5,23.4,1.6,deciduous,231,0
35.6,31.4,13.3,deciduous,349,0
26.2,60.7,3.1,bamboo,273,0
30.7,49.6,24.9,bamboo,374,0
34.7,13.9,17.2,mixed,268,0
30.0,25.9,3.4,grassland,372,1
43.2,24.5,15.1,grassland,267,1
34.8,68.0,19.2,bamboo,213,0
22.8,66.0,13.8,coniferous,267,1
35.3,11.5,2.3,grassland,340,0
24.9,21.0,1.6,deciduous,271,0
38.6,61.4,22.1,mixed,349,0
30.4,60.8,15.3,grassland,107,0
21.3,43.0,15.7,grassland,380,0
20.3,23.4,7.4,coniferous,313,1
37.0,55.8,10.9,mixed,101,0
31.7,15.5,11.9,deciduous,312,1
21.2,41.8,14.2,deciduous,138,0
30.7,40.1,11.3,coniferous,336,0
21.6,56.7,1.5,bamboo,228,1
42.8,67.3,5.5,coniferous,360,0
30.1,22.9,5.5,deciduous,151,1
33.5,68.1,3.4,mixed,334,0
44.0,70.8,7.1,coniferous,292,0
23.7,30.4,20.7,mixed,216,0
31.3,51.1,12.6,deciduous,158,0
24.0,33.8,4.0,mixed,225,1
44.8,27.9,13.2,mixed,312,1
27.7,20.8,18.8,mixed,184,0
40.0,15.6,19.8,mixed,141,1
28.4,78.7,9.0,mixed,157,1
27.1,54.7,2.7,mixed,227,1
34.2,36.0,12.5,grassland,102,0
42.1,74.9,3.7,bamboo,115,0
31.3,27.0,18.2,grassland,229,0
29.2,52.9,16.3,bamboo,126,0
21.2,57.0,13.4,bamboo,392,0
37.2,71.7,9.0,deciduous,279,0
30.5,60.7,1.2,mixed,286,0
30.4,74.7,6.7,grassland,338,0
26.4,36.3,13.6,coniferous,302,0
32.3,18.0,15.6,mixed,203,0
32.4,60.9,6.5,bamboo,400,0
41.5,64.5,15.1,mixed,266,0
24.6,68.6,18.0,grassland,354,1
32.1,51.8,24.2,grassland,300,1
37.8,53.7,3.6,mixed,249,1
26.4,60.9,13.0,bamboo,322,0
40.3,39.3,19.8,deciduous,201,1
37.7,78.8,22.1,grassland,156,0
42.1,32.2,17.3,bamboo,101,0
25.7,62.5,8.4,mixed,301,1
26.5,42.9,14.2,deciduous,366,0
39.4,38.1,3.4,bamboo,247,0
34.3,20.5,24.7,grassland,191,0
26.9,71.7,10.2,grassland,330,0
40.7,49.1,10.2,coniferous,355,0
25.4,41.3,3.8,coniferous,108,0
35.5,42.0,6.2,bamboo,222,1
20.6,29.1,3.5,bamboo,288,1
24.0,35.7,13.0,deciduous,164,0
29.8,40.7,8.4,coniferous,341,0
43.4,22.1,7.7,deciduous,203,0
26.9,22.6,13.4,coniferous,223,0
39.2,42.3,1.1,grassland,385,0
38.6,25.8,14.4,coniferous,160,1
37.2,56.9,9.2,bamboo,314,0
30.6,55.3,16.5,coniferous,125,0
26.5,39.3,6.5,mixed,390,0
29.1,59.1,17.5,grassland,392,0
44.2,51.7,6.4,bamboo,154,0
37.4,57.4,11.8,mixed,329,0
34.5,39.7,14.7,deciduous,216,0
39.2,63.4,4.5,mixed,240,0
22.4,19.5,10.4,coniferous,283,0
27.1,55.7,11.7,grassland,317,0
31.0,38.9,2.8,deciduous,396,0
22.7,55.1,1.6,mixed,385,0
34.8,24.7,1.6,mixed,241,0
29.8,41.8,15.3,coniferous,191,0
34.7,21.7,17.2,grassland,148,0
22.4,34.9,17.5,coniferous,153,0
40.8,52.3,3.7,deciduous,237,0
23.1,24.8,8.9,deciduous,113,1
33.1,24.3,9.8,coniferous,383,0
25.2,79.0,14.4,grassland,181,0
32.4,29.0,18.2,mixed,289,0
30.4,53.7,14.2,bamboo,199,0
26.8,38.4,3.7,coniferous,166,0
20.2,61.1,4.5,deciduous,398,0
25.3,15.7,21.0,coniferous,149,1
32.7,67.6,1.8,mixed,215,1
43.9,59.7,19.7,deciduous,131,0
32.3,57.5,2.3,grassland,193,0
40.4,28.1,16.4,mixed,207,1
44.1,36.5,17.7,grassland,149,0
20.1,29.4,13.1,deciduous,134,0
38.2,60.7,3.2,coniferous,291,0
37.3,40.3,17.7,mixed,229,0
39.7,33.4,18.3,bamboo,241,0
37.1,29.8,4.7,grassland,140,0
26.3,53.6,3.8,coniferous,352,0
38.4,77.4,10.3,mixed,269,1
28.1,16.3,22.3,deciduous,396,1
21.0,47.5,5.1,coniferous,320,0
30.5,77.2,18.0,mixed,183,0
38.2,67.4,19.8,grassland,266,0
30.7,47.4,20.9,mixed,307,1
22.0,52.0,21.3,grassland,338,0
41.8,42.9,1.5,deciduous,339,0
30.7,22.1,8.7,bamboo,323,1
39.9,33.2,16.0,deciduous,124,1
21.6,20.0,17.3,deciduous,234,0
33.0,34.9,13.0,grassland,253,0
40.9,44.2,1.6,coniferous,396,0
32.6,26.4,6.6,coniferous,198,0
31.0,60.4,14.3,mixed,117,0
21.9,29.6,18.7,bamboo,250,0
34.9,78.6,19.4,coniferous,348,0
44.8,62.0,3.1,mixed,270,0
21.7,54.4,18.5,grassland,352,0
34.9,54.1,3.8,mixed,327,0
43.5,44.0,24.3,grassland,303,0
24.7,75.8,8.1,bamboo,356,0
39.6,62.9,22.7,mixed,345,0
37.6,74.9,18.3,deciduous,361,0
35.8,47.5,9.3,grassland,126,0
27.9,79.8,14.6,coniferous,137,0
39.9,48.3,4.9,mixed,209,0
24.5,54.1,20.6,coniferous,237,0
36.2,53.5,5.3,coniferous,109,0
28.2,69.8,24.1,bamboo,140,0
43.6,63.3,25.0,grassland,140,0
42.6,19.3,18.9,bamboo,338,1
42.3,38.3,7.0,bamboo,316,0
23.3,38.9,6.3,coniferous,204,0
29.7,32.7,16.5,deciduous,171,0
42.5,38.7,1.5,deciduous,395,0
42.2,50.9,8.9,bamboo,145,1
32.6,41.5,4.8,grassland,161,0
39.6,23.2,4.7,bamboo,317,0
26.2,60.5,9.2,grassland,250,1
26.2,78.6,18.5,coniferous,331,0
21.1,29.9,17.6,coniferous,295,0
34.4,48.0,4.2,deciduous,330,0
44.3,63.0,18.0,mixed,252,0
40.1,57.2,12.7,grassland,226,1
20.6,21.9,15.4,mixed,233,0
29.6,33.1,23.0,coniferous,254,0
24.9,43.6,2.3,grassland,161,1
40.3,28.0,13.8,mixed,271,1
35.5,29.9,24.9,bamboo,382,1
27.2,31.5,5.2,coniferous,118,0
44.7,44.5,23.2,grassland,197,0
27.3,55.4,14.7,grassland,203,0
44.2,57.9,21.8,bamboo,305,1
33.6,79.3,7.4,coniferous,254,0
44.3,77.7,5.8,bamboo,201,1
38.1,26.1,24.9,coniferous,152,1
37.9,56.7,11.5,mixed,145,1
26.1,56.5,3.9,mixed,154,0
37.9,64.7,24.0,bamboo,261,0
34.0,62.5,1.9,grassland,326,0
44.2,14.7,16.8,deciduous,205,1
41.1,44.0,24.8,bamboo,350,0
30.9,14.5,8.8,mixed,106,0
29.6,19.2,2.8,grassland,209,0
34.6,42.1,23.8,deciduous,327,0
26.6,64.1,11.9,mixed,262,0
41.2,40.4,21.8,mixed,375,0
20.4,31.4,22.5,deciduous,319,0
21.3,41.7,2.9,coniferous,257,0
21.7,35.8,11.7,bamboo,209,0
20.3,15.3,11.4,grassland,157,0
28.5,78.4,15.6,mixed,279,0
25.4,57.6,8.4,mixed,148,0
39.8,26.4,19.7,deciduous,138,1
44.7,54.8,14.3,mixed,249,0
37.3,50.4,7.3,coniferous,354,0
28.2,40.9,4.7,deciduous,111,0
35.6,74.0,25.0,bamboo,290,0
43.7,25.7,14.8,bamboo,133,1
43.5,29.7,18.5,grassland,364,1
41.7,33.4,9.3,bamboo,251,0
28.1,18.3,5.5,coniferous,205,0
36.8,57.5,13.4,coniferous,155,0
32.2,76.1,23.7,mixed,253,0
35.2,30.0,8.7,coniferous,143,0
23.6,23.1,18.1,deciduous,397,0
32.4,22.6,6.3,grassland,112,0
35.7,31.9,17.6,bamboo,306,0
35.0,26.7,17.0,deciduous,381,1
34.9,12.9,11.2,mixed,197,1
22.6,35.7,11.7,mixed,222,0
40.0,77.0,23.3,bamboo,367,0
28.1,48.3,4.2,grassland,385,0
34.1,73.3,20.1,deciduous,172,1
29.1,32.1,16.6,deciduous,319,1
23.1,34.2,6.8,mixed,162,0
26.6,64.1,12.9,coniferous,162,0
34.6,69.3,22.7,bamboo,285,1
34.7,48.3,16.2,deciduous,320,0
37.5,49.8,16.3,bamboo,341,1
40.3,20.1,7.3,coniferous,257,0
31.9,38.2,21.6,grassland,289,0
43.8,31.4,14.6,deciduous,308,0
34.9,18.5,21.4,mixed,215,0
38.6,50.0,22.4,grassland,309,1
31.1,56.7,5.3,mixed,289,0
22.5,56.8,17.7,mixed,395,0
36.7,41.0,10.8,mixed,394,0
33.9,36.4,18.3,mixed,210,1
21.3,62.0,12.5,bamboo,204,0
29.6,74.3,21.7,grassland,163,1
31.0,40.6,9.3,coniferous,127,0
24.4,21.0,3.5,grassland,393,0
32.0,57.8,5.4,bamboo,171,1
24.0,46.8,2.2,coniferous,137,1
25.0,16.6,24.4,deciduous,282,1
32.7,23.4,3.3,bamboo,289,0
29.3,63.0,5.1,mixed,340,0
20.4,61.0,8.7,grassland,314,0
42.4,33.2,11.3,coniferous,331,1
23.6,60.3,18.5,bamboo,160,0
24.8,33.0,4.1,mixed,247,0
43.0,22.3,10.2,deciduous,105,1
23.1,72.6,14.1,mixed,296,0
22.8,30.0,17.3,mixed,334,0
27.5,51.2,3.0,deciduous,126,0
41.4,15.6,9.7,deciduous,324,1
25.8,49.2,10.7,coniferous,207,0
32.9,65.9,2.5,mixed,149,0
42.0,64.1,21.4,grassland,244,0
44.7,64.1,12.8,bamboo,199,1
35.4,48.0,2.9,deciduous,321,0
30.6,44.3,8.3,deciduous,340,0
43.6,22.7,11.7,deciduous,247,1
36.3,28.0,12.6,deciduous,133,1
39.1,48.1,18.3,bamboo,273,1
40.8,79.0,6.9,mixed,327,0
20.7,34.8,9.9,coniferous,166,0
23.6,36.0,10.6,mixed,342,0
31.5,47.1,22.9,coniferous,274,0
24.5,36.1,3.7,mixed,271,0
44.3,76.4,1.4,deciduous,337,0
31.0,26.5,24.7,grassland,255,0
38.9,56.5,5.8,grassland,268,0
40.4,62.9,16.2,bamboo,187,0
30.4,79.2,17.6,deciduous,137,0
32.3,58.2,24.4,mixed,228,0
42.7,52.9,8.7,mixed,214,0
43.3,59.2,9.9,coniferous,132,0
42.1,59.3,15.7,coniferous,157,0
39.8,42.1,2.7,bamboo,308,0
27.3,59.1,6.5,grassland,347,0
20.2,24.4,17.7,mixed,389,1
24.8,29.3,16.0,coniferous,369,0
33.2,67.1,21.9,deciduous,236,0
24.0,12.7,10.0,bamboo,260,1
44.4,21.6,7.6,bamboo,374,0
41.4,61.1,23.1,grassland,300,0
30.7,63.4,23.3,bamboo,311,1
43.3,78.2,16.7,mixed,373,0
34.0,16.1,21.2,grassland,324,0
23.3,46.1,13.6,bamboo,249,0
20.8,34.5,4.9,bamboo,166,0
42.8,55.6,17.1,grassland,274,0
30.0,76.3,23.4,coniferous,353,1
27.2,22.6,22.0,deciduous,105,0
30.1,55.8,10.3,bamboo,127,1
25.0,75.4,24.2,bamboo,276,0
32.5,23.5,2.0,mixed,381,0
43.9,72.3,10.4,deciduous,348,0
33.4,46.8,1.2,bamboo,326,0
42.6,17.4,6.6,deciduous,228,0
42.6,38.8,4.3,grassland,279,0
28.5,38.1,22.8,mixed,187,0
36.1,67.0,7.0,coniferous,270,0
20.9,32.9,9.3,deciduous,200,0
29.8,45.3,19.7,grassland,127,0
26.4,56.5,10.7,grassland,176,1
29.9,40.2,18.9,grassland,163,0
41.0,26.7,13.8,grassland,354,1
22.3,12.3,15.0,bamboo,146,0
28.5,34.6,18.8,grassland,305,0
43.0,75.1,15.0,coniferous,153,0
43.0,27.2,1.8,deciduous,340,0
34.0,26.2,13.8,mixed,210,0
31.2,71.5,9.1,bamboo,382,1
39.4,73.7,12.1,deciduous,186,0
21.5,38.0,22.7,bamboo,353,0
35.0,43.2,8.4,bamboo,225,0
21.3,30.9,13.8,grassland,287,0
31.7,56.0,19.4,bamboo,158,0
31.9,69.9,23.0,grassland,308,0
31.4,79.1,12.1,grassland,302,0
24.6,22.4,16.9,mixed,128,0
27.5,39.4,14.0,grassland,171,1
23.2,23.8,8.8,grassland,396,0
23.7,65.1,24.8,coniferous,330,0
41.2,16.5,12.1,coniferous,245,1
21.7,57.6,4.6,grassland,211,0
43.2,62.1,22.9,grassland,193,1
44.7,35.9,9.9,coniferous,392,0
29.6,21.2,22.6,grassland,110,1
32.6,24.5,3.9,grassland,185,0
27.2,79.3,14.0,bamboo,328,1
44.6,15.5,17.1,bamboo,302,1
41.8,22.7,3.0,grassland,280,1
40.6,73.4,13.2,bamboo,219,0
32.8,69.7,1.5,bamboo,267,0
36.6,13.8,6.5,mixed,141,0
32.8,70.9,23.8,mixed,177,0
42.3,67.3,10.6,coniferous,366,0
41.4,30.2,6.0,grassland,380,0
27.4,55.2,12.5,coniferous,321,0
34.9,74.1,2.9,bamboo,141,0
34.0,38.9,18.3,mixed,157,0
38.3,53.3,12.4,deciduous,312,0
27.2,69.7,6.4,coniferous,275,0
32.3,54.6,24.5,coniferous,156,0
38.7,33.5,3.1,grassland,126,0
36.5,35.8,10.8,bamboo,400,0
38.7,74.4,18.2,coniferous,111,0
21.0,41.0,10.1,grassland,272,1
37.1,11.4,22.0,deciduous,153,1
35.9,22.8,23.7,mixed,215,1
33.0,27.8,5.6,deciduous,283,0
39.0,72.4,10.8,mixed,101,0
44.9,78.1,23.2,coniferous,214,0
27.9,14.6,19.8,coniferous,336,0
32.1,45.4,3.5,coniferous,171,0
23.9,79.1,21.7,bamboo,101,0
23.8,52.5,15.7,deciduous,315,1
27.2,59.9,24.2,grassland,110,0
25.6,29.0,1.7,bamboo,334,1
38.4,60.3,16.8,deciduous,370,1
28.8,39.0,17.2,deciduous,315,0
28.6,33.8,12.4,coniferous,262,0
42.7,77.9,20.6,grassland,384,0
22.4,76.2,18.9,coniferous,261,0
33.1,35.4,16.3,coniferous,314,0
37.6,58.7,15.4,grassland,116,0
22.9,63.6,17.1,coniferous,346,0
23.5,33.0,18.2,mixed,370,0
38.3,11.1,7.1,grassland,277,0
27.9,72.5,10.2,deciduous,164,0
20.2,39.5,18.7,mixed,256,0
29.1,79.2,10.6,grassland,259,0
34.4,53.0,11.8,bamboo,327,0
33.4,46.6,19.7,deciduous,155,0
39.7,63.8,8.0,coniferous,204,0
21.0,64.8,5.9,coniferous,190,1
38.7,46.2,4.6,mixed,104,0
25.2,19.7,21.1,mixed,263,0
36.8,28.6,23.8,coniferous,238,1
41.5,23.5,5.0,coniferous,314,0
26.6,46.6,14.8,mixed,224,0
30.6,13.9,6.8,mixed,223,1
23.0,42.3,7.0,coniferous,214,0
23.5,40.1,4.1,grassland,236,0
41.4,30.2,4.0,bamboo,251,0
41.0,48.1,17.6,coniferous,182,0
32.6,69.6,17.4,mixed,215,0
30.4,23.5,16.4,coniferous,260,0
32.7,16.6,9.6,deciduous,383,0
27.7,56.2,7.7,coniferous,372,0
33.7,10.8,20.3,grassland,310,0
34.7,27.8,14.7,mixed,150,0
35.0,30.2,20.3,coniferous,192,0
28.6,44.2,8.8,bamboo,212,0
23.9,45.2,9.5,grassland,304,1
43.7,24.1,21.3,bamboo,197,1
24.9,62.1,15.7,mixed,177,0
39.8,21.1,22.9,grassland,362,1
20.7,61.6,23.8,bamboo,170,0
29.2,58.5,20.4,deciduous,179,0
39.7,34.6,21.6,deciduous,308,0
40.6,76.5,1.6,mixed,222,0
41.8,62.3,18.0,deciduous,254,1
30.6,40.8,4.7,deciduous,287,0
21.2,13.8,12.9,grassland,178,0
32.7,50.0,21.9,bamboo,371,0
34.9,48.1,10.7,coniferous,144,0
30.6,64.7,14.1,deciduous,314,0
25.0,45.3,24.4,mixed,178,0
41.6,14.9,24.1,mixed,371,1
32.3,34.6,20.3,mixed,324,1
42.9,20.1,12.0,deciduous,201,1
25.3,44.4,12.9,grassland,330,1
40.4,38.3,5.7,grassland,339,0
42.5,46.6,19.0,deciduous,162,1
36.3,14.3,13.3,mixed,372,1
34.1,27.4,22.0,mixed,388,0
26.4,56.4,7.1,grassland,298,0
37.3,61.3,2.2,coniferous,101,0
22.7,47.0,14.4,grassland,189,0
28.3,70.0,5.5,coniferous,200,0
31.8,31.0,8.2,coniferous,141,0
42.2,55.3,8.5,grassland,312,1
20.1,30.8,9.5,coniferous,181,0
26.1,60.7,3.8,deciduous,188,0
43.4,69.4,3.1,mixed,173,0
43.6,67.6,19.2,grassland,338,0
32.7,35.4,10.6,deciduous,342,0
38.7,74.2,22.8,deciduous,220,0
44.9,42.7,5.7,bamboo,263,0
21.1,61.7,10.0,coniferous,271,0
40.2,74.0,1.1,mixed,367,0
41.5,29.4,13.6,mixed,258,1
42.2,74.9,11.3,mixed,124,0
25.4,48.0,4.4,coniferous,303,0
21.6,25.3,8.8,deciduous,305,0
38.9,11.7,22.2,deciduous,263,1
27.3,52.4,23.0,grassland,163,0
29.1,41.8,13.6,grassland,100,0
30.1,41.9,19.9,deciduous,120,0
20.1,78.4,14.2,deciduous,231,0
20.8,76.5,3.0,grassland,292,0
40.2,61.4,2.1,deciduous,238,0
31.3,17.1,18.9,coniferous,376,0
36.6,64.1,16.1,mixed,164,0
37.9,62.0,12.4,mixed,212,0
43.7,12.6,17.8,grassland,187,1
29.5,46.4,16.7,grassland,363,0
40.5,25.5,4.2,bamboo,190,0
25.5,12.8,21.4,coniferous,222,0
34.3,70.0,11.5,bamboo,313,0
33.0,23.4,12.7,deciduous,306,0
22.5,66.2,10.9,mixed,256,0
27.2,26.1,21.3,bamboo,270,0
21.5,10.5,20.0,deciduous,370,0
39.5,35.6,1.3,bamboo,133,0
27.3,27.8,19.4,coniferous,321,0
21.9,31.1,11.4,deciduous,210,0
29.8,60.5,10.4,coniferous,105,0
41.3,52.1,19.6,mixed,227,0
34.9,64.5,2.1,bamboo,245,0
23.1,53.5,17.7,bamboo,190,1
37.4,40.4,3.8,bamboo,202,0
21.8,19.3,16.9,bamboo,274,1
40.7,25.8,25.0,deciduous,142,1
34.7,38.4,3.7,coniferous,383,0
34.9,39.9,15.8,grassland,341,0
23.6,64.2,19.0,mixed,272,1
25.1,20.0,14.8,coniferous,285,0
31.5,21.1,13.5,deciduous,117,0
28.7,40.7,17.2,bamboo,160,0
26.9,22.7,20.7,bamboo,168,1
40.4,11.9,2.3,coniferous,325,1
26.3,31.8,11.0,bamboo,176,0
39.4,14.6,1.2,mixed,116,0
43.1,72.5,7.4,grassland,201,0
31.9,26.8,3.0,coniferous,138,0
44.7,12.3,12.3,mixed,238,1
39.6,22.2,10.7,coniferous,131,1
38.0,48.4,14.0,bamboo,248,1
23.4,34.3,19.9,deciduous,100,0
20.0,32.2,16.6,deciduous,206,0
24.9,56.1,9.8,mixed,241,1
28.1,10.8,6.6,coniferous,281,0
